{
	"ImportPath": "github.com/jpillora/cloud-torrent",
	"GoVersion": "go1.5",
	"Deps": [
		{
			"ImportPath": "github.com/PuerkitoBio/goquery",
			"Comment": "v0.3.2-79-gb444041",
			"Rev": "b4440419d81240f8451a505b2f806c853bc2befc"
		},
		{
			"ImportPath": "github.com/RoaringBitmap/roaring",
			"Comment": "v0.2.0-10-g992880f",
			"Rev": "992880fef9b9992caa093990b8a04edf903f6147"
		},
		{
			"ImportPath": "github.com/anacrolix/missinggo",
			"Rev": "c9877b1e02d33cd90f19024b7ec5f401e88b68e6"
		},
		{
			"ImportPath": "github.com/anacrolix/sync",
			"Rev": "812602587b72df6a2a4f6e30536adc75394a374b"
		},
		{
			"ImportPath": "github.com/anacrolix/torrent",
			"Rev": "49a3c87a533b2d29ec13e655436a4790267429df"
		},
		{
			"ImportPath": "github.com/anacrolix/utp",
			"Rev": "91202c143a16f7d6828976ae73d86af81fa42169"
		},
		{
			"ImportPath": "github.com/andrew-d/go-termutil",
			"Rev": "009166a695a2f516c749a26b4ac1f183d89aa336"
		},
		{
			"ImportPath": "github.com/andybalholm/cascadia",
			"Rev": "3ad29d1ad1c4f2023e355603324348cf1f4b2d48"
		},
		{
			"ImportPath": "github.com/bradfitz/iter",
			"Rev": "454541ec3da2a73fc34fd049b19ee5777bf19345"
		},
		{
			"ImportPath": "github.com/edsrzf/mmap-go",
			"Rev": "903d080718bd2877583fe1bd0a19c9cd3e2906ff"
		},
		{
			"ImportPath": "github.com/elazarl/go-bindata-assetfs",
			"Rev": "57eb5e1fc594ad4b0b1dbea7b286d299e0cb43c2"
		},
		{
			"ImportPath": "github.com/google/btree",
			"Rev": "f06e229e679911bb31a04e07ac891115822e37c3"
		},
		{
			"ImportPath": "github.com/gorilla/websocket",
			"Rev": "e2e3d8414d0fbae04004f151979f4e27c6747fe7"
		},
		{
			"ImportPath": "github.com/jpillora/ansi",
			"Rev": "7e36a06e08cc6f803f6f0cc6a1f5f99ef571d1e4"
		},
		{
			"ImportPath": "github.com/jpillora/go-realtime",
			"Rev": "c8b52e99fa07b59183859c03304ea01f04e4921f"
		},
		{
			"ImportPath": "github.com/jpillora/opts",
			"Rev": "bd414c582ce587985ea2c1d8bf543ec884d85a60"
		},
		{
			"ImportPath": "github.com/jpillora/requestlog",
			"Rev": "16cd83282714d6e1517f8ac588ff9df8695c703b"
		},
		{
			"ImportPath": "github.com/jpillora/scraper/scraper",
			"Comment": "0.1.1-4-g2343483",
			"Rev": "23434838fa3a93ba246464e396237747a6c43bfc"
		},
		{
			"ImportPath": "github.com/jpillora/sizestr",
			"Rev": "e2ea2fa42fb952f895ab2029f26d3a73b0d56eb3"
		},
		{
			"ImportPath": "github.com/kardianos/osext",
			"Rev": "29ae4ffbc9a6fe9fb2bc5029050ce6996ea1d3bc"
		},
		{
			"ImportPath": "github.com/mattbaird/jsonpatch",
			"Rev": "cda1f16168eced02e2c315e83da80c7f1166a111"
		},
		{
			"ImportPath": "github.com/ryszard/goskiplist/skiplist",
			"Rev": "2dfbae5fcf46374f166f8969cb07e167f1be6273"
		},
		{
			"ImportPath": "github.com/skratchdot/open-golang/open",
			"Rev": "c8748311a7528d0ba7330d302adbc5a677ef9c9e"
		},
		{
			"ImportPath": "github.com/tylertreat/BoomFilters",
			"Rev": "ae0b9585d4b87b2fe0b49ee09270abae7aaad179"
		},
		{
			"ImportPath": "github.com/willf/bitset",
			"Comment": "v1.0.0-56-g2e6e809",
			"Rev": "2e6e8094ef4745224150c88c16191c7dceaad16f"
		},
		{
			"ImportPath": "github.com/willf/bloom",
			"Comment": "v2.0.0-3-gaa3071d",
			"Rev": "aa3071d9203598166c09553d43e74b588c3d91be"
		},
		{
			"ImportPath": "golang.org/x/net/html",
			"Rev": "318395d8b12f5dd0f1b7cd0fbb95195f49acb0f9"
		}
	]
}
